City_ID,City,Country,Date,Lat,Lng,Max Temp,Humidity,Cloudiness,Wind Speed
0,Den Helder,NL,2022-01-24 21:44:47,52.9599,4.7593,40.98,83,100,5.99
1,Kodiak,US,2022-01-24 21:44:47,57.79,-152.4072,40.51,81,100,10.36
2,Atuona,PF,2022-01-24 21:44:47,-9.8,-139.0333,78.69,72,5,16.17
3,Hermanus,ZA,2022-01-24 21:44:48,-34.4187,19.2345,69.8,93,8,6.96
4,Jinan,CN,2022-01-24 21:44:48,36.6683,116.9972,31.1,54,10,0.13
5,Nanortalik,GL,2022-01-24 21:44:48,60.1432,-45.2371,27.52,76,100,10.09
6,Hilo,US,2022-01-24 21:44:49,19.7297,-155.09,80.33,55,40,10.36
7,Padang,ID,2022-01-24 21:43:19,-0.9492,100.3543,75.25,83,99,3.71
8,Palu,ID,2022-01-24 21:44:49,-0.8917,119.8707,74.61,95,100,2.13
9,Havre-Saint-Pierre,CA,2022-01-24 21:44:49,50.2334,-63.5986,12.2,78,75,12.66
10,Bredasdorp,ZA,2022-01-24 21:44:50,-34.5322,20.0403,69.28,83,5,1.14
11,Hobart,AU,2022-01-24 21:41:26,-42.8794,147.3294,65.23,87,75,1.14
12,Butaritari,KI,2022-01-24 21:44:50,3.0707,172.7902,81.32,79,96,15.95
13,Winton,US,2022-01-24 21:44:50,37.3894,-120.6133,65.5,62,0,0.0
14,Roald,NO,2022-01-24 21:44:51,62.5833,6.1333,41.9,65,75,12.66
15,Hlotse,LS,2022-01-24 21:44:51,-28.8718,28.045,64.27,48,84,3.67
16,Kavieng,PG,2022-01-24 21:44:51,-2.5744,150.7967,83.28,75,44,7.56
17,Dikson,RU,2022-01-24 21:44:52,73.5069,80.5464,10.38,85,100,33.89
18,Victoria,HK,2022-01-24 21:41:00,22.2855,114.1577,65.32,88,100,11.99
19,North Bend,US,2022-01-24 21:44:52,43.4065,-124.2243,58.86,80,0,8.05
20,Wakkanai,JP,2022-01-24 21:44:52,45.4094,141.6739,22.51,63,100,2.55
21,Waingapu,ID,2022-01-24 21:44:53,-9.6567,120.2641,77.97,87,42,7.72
22,Provideniya,RU,2022-01-24 21:44:53,64.3833,-173.3,10.51,79,100,8.95
23,Klaksvik,FO,2022-01-24 21:44:53,62.2266,-6.589,38.32,72,100,13.71
24,Lao Cai,VN,2022-01-24 21:44:53,22.4833,103.95,62.78,92,44,1.5
25,Edd,ER,2022-01-24 21:44:54,13.9297,41.6925,78.42,69,36,6.51
26,Voh,NC,2022-01-24 21:44:54,-20.9667,164.7,82.47,63,6,4.65
27,Cape Town,ZA,2022-01-24 21:44:55,-33.9258,18.4232,69.89,84,75,4.0
28,Abashiri,JP,2022-01-24 21:44:55,44.0213,144.2697,17.89,81,100,9.13
29,Biak,ID,2022-01-24 21:44:55,-0.9131,122.8766,76.78,78,100,3.33
30,Rikitea,PF,2022-01-24 21:44:55,-23.1203,-134.9692,78.64,71,100,18.66
31,Bilibino,RU,2022-01-24 21:44:56,68.0546,166.4372,-44.59,100,96,1.83
32,Busselton,AU,2022-01-24 21:44:56,-33.65,115.3333,62.1,84,40,13.62
33,Southbridge,US,2022-01-24 21:44:56,42.0751,-72.0334,30.56,59,97,2.42
34,Puerto Ayora,EC,2022-01-24 21:44:57,-0.7393,-90.3518,82.36,82,49,11.07
35,Mataura,NZ,2022-01-24 21:44:57,-46.1927,168.8643,56.48,60,57,3.85
36,Vrangel,RU,2022-01-24 21:44:57,42.7297,133.0839,20.75,46,96,5.64
37,Longyearbyen,SJ,2022-01-24 21:40:23,78.2186,15.6401,21.04,68,40,24.16
38,Biltine,TD,2022-01-24 21:44:58,14.5333,20.9167,70.11,17,10,8.01
39,Yerbogachen,RU,2022-01-24 21:44:58,61.2767,108.0108,-15.86,100,99,3.78
40,Codrington,AU,2022-01-24 21:44:58,-38.2667,141.9667,80.33,40,86,3.36
41,Sheridan,US,2022-01-24 21:44:59,44.8333,-106.9173,39.38,74,100,1.99
42,Vaini,TO,2022-01-24 21:44:59,-21.2,-175.2,84.36,84,20,6.91
43,Arraial Do Cabo,BR,2022-01-24 21:44:59,-22.9661,-42.0278,78.76,78,0,16.11
44,Fort Nelson,CA,2022-01-24 21:40:02,58.8053,-122.7002,24.39,93,75,4.61
45,Mar Del Plata,AR,2022-01-24 21:45:00,-38.0023,-57.5575,78.82,75,0,8.01
46,Nantucket,US,2022-01-24 21:45:00,41.2835,-70.0995,33.91,75,13,3.69
47,Ushuaia,AR,2022-01-24 21:41:27,-54.8,-68.3,47.86,66,75,28.77
48,Saint-Philippe,RE,2022-01-24 21:46:01,-21.3585,55.7679,76.59,70,73,14.92
49,Pangody,RU,2022-01-24 21:46:01,65.85,74.4859,-0.26,99,91,10.69
50,Sao Joao Da Barra,BR,2022-01-24 21:46:01,-21.6403,-41.0511,82.49,85,27,13.35
51,Tete,MZ,2022-01-24 21:46:02,-16.1564,33.5867,75.29,100,75,10.0
52,Airai,TL,2022-01-24 21:46:02,-8.9266,125.4092,60.78,87,55,2.53
53,Punta Arenas,CL,2022-01-24 21:43:41,-53.15,-70.9167,55.51,50,0,39.12
54,Qaanaaq,GL,2022-01-24 21:46:03,77.484,-69.3632,-14.84,73,37,7.9
55,Bengkulu,ID,2022-01-24 21:46:03,-3.8004,102.2655,75.31,88,82,3.58
56,Noyabrsk,RU,2022-01-24 21:46:03,63.1994,75.4507,-4.83,100,99,9.46
57,Quimper,FR,2022-01-24 21:46:04,48.0,-4.1,36.28,93,100,2.3
58,Baiyin,CN,2022-01-24 21:42:03,36.5583,104.2081,16.68,54,76,1.7
59,Rawson,AR,2022-01-24 21:41:12,-43.3002,-65.1023,78.48,29,19,7.11
60,Palmer,US,2022-01-24 21:46:05,42.1584,-72.3287,30.7,54,40,1.01
61,Hambantota,LK,2022-01-24 21:46:05,6.1241,81.1185,70.14,100,40,3.44
62,Fortuna,US,2022-01-24 21:46:06,40.5982,-124.1573,62.85,58,49,1.99
63,Ballangen,NO,2022-01-24 21:46:06,68.3428,16.8315,30.4,74,100,12.66
64,Leningradskiy,RU,2022-01-24 21:45:52,69.3833,178.4167,-14.85,89,100,12.73
65,Port Elizabeth,ZA,2022-01-24 21:46:07,-33.918,25.5701,72.1,88,40,16.11
66,Vung Tau,VN,2022-01-24 21:43:53,10.346,107.0843,76.33,87,11,12.48
67,Port Keats,AU,2022-01-24 21:46:07,-14.25,129.55,78.28,87,100,5.86
68,Caravelas,BR,2022-01-24 21:46:08,-17.7125,-39.2481,76.14,82,91,7.25
69,Vila Franca Do Campo,PT,2022-01-24 21:46:08,37.7167,-25.4333,59.2,81,77,6.85
70,Tiksi,RU,2022-01-24 21:46:08,71.6872,128.8694,-7.67,98,100,7.23
71,Santa Barbara,US,2022-01-24 21:46:09,34.7333,-120.0343,68.31,43,0,6.91
72,Kaitangata,NZ,2022-01-24 21:46:09,-46.2817,169.8464,61.93,63,46,2.17
73,Tornio,FI,2022-01-24 21:46:09,65.8481,24.1466,32.02,77,24,11.88
74,Avarua,CK,2022-01-24 21:46:10,-21.2078,-159.775,82.45,83,20,6.91
75,Necochea,AR,2022-01-24 21:41:24,-38.5473,-58.7368,74.03,64,0,12.26
76,Thompson,CA,2022-01-24 21:46:10,55.7435,-97.8558,-14.64,64,0,16.11
77,Macau,MO,2022-01-24 21:46:11,22.2006,113.5461,65.07,88,40,11.5
78,Forbes,AU,2022-01-24 21:46:11,-33.3833,148.0167,71.92,64,100,4.88
79,Port Alfred,ZA,2022-01-24 21:46:11,-33.5906,26.891,71.82,83,47,20.47
80,Lodja,CD,2022-01-24 21:46:12,-3.4833,23.4333,70.52,95,100,1.23
81,Bluff,NZ,2022-01-24 21:46:12,-46.6,168.3333,56.8,75,98,14.56
82,Albany,US,2022-01-24 21:41:59,42.6001,-73.9662,25.45,58,78,1.01
83,Kapaa,US,2022-01-24 21:46:13,22.0752,-159.319,77.32,65,0,3.0
84,Grindavik,IS,2022-01-24 21:46:13,63.8424,-22.4338,39.67,87,100,23.02
85,Liberal,US,2022-01-24 21:46:13,37.0431,-100.921,55.54,26,0,17.27
86,New Norfolk,AU,2022-01-24 21:46:14,-42.7826,147.0587,64.89,65,97,0.96
87,Margate,GB,2022-01-24 21:46:14,51.3813,1.3862,40.69,79,44,1.01
88,Ust-Ilimsk,RU,2022-01-24 21:46:14,58.0006,102.6619,-0.18,99,97,3.51
89,Tasiilaq,GL,2022-01-24 21:46:15,65.6145,-37.6368,23.16,71,100,9.64
90,East London,ZA,2022-01-24 21:46:16,-33.0153,27.9116,72.41,76,2,18.79
91,Jamestown,US,2022-01-24 21:46:16,42.097,-79.2353,21.09,68,100,3.0
92,Coxim,BR,2022-01-24 21:47:17,-18.5067,-54.76,86.86,63,98,6.02
93,Comodoro Rivadavia,AR,2022-01-24 21:47:17,-45.8667,-67.5,84.06,16,0,21.85
94,Buala,SB,2022-01-24 21:47:18,-8.145,159.5921,83.88,79,73,7.2
95,Sinnamary,GF,2022-01-24 21:47:18,5.3833,-52.95,76.73,85,67,11.74
96,Half Moon Bay,US,2022-01-24 21:43:01,37.4636,-122.4286,67.91,63,0,1.01
97,Bethel,US,2022-01-24 21:47:18,41.3712,-73.414,30.47,64,20,3.44
98,Payson,US,2022-01-24 21:47:19,40.0444,-111.7321,45.25,52,40,4.61
99,Novyy Urengoy,RU,2022-01-24 21:47:19,66.0833,76.6333,-4.18,99,42,9.71
100,Dawlatabad,AF,2022-01-24 21:47:19,36.4141,64.9053,37.42,49,1,2.8
101,Sumbe,AO,2022-01-24 21:47:20,-11.2061,13.8437,76.57,87,81,6.33
102,Road Town,VG,2022-01-24 21:47:20,18.4167,-64.6167,80.69,69,20,5.75
103,West Wendover,US,2022-01-24 21:47:20,40.7391,-114.0733,33.01,60,33,3.44
104,Bila Tserkva,UA,2022-01-24 21:47:20,49.8094,30.1121,13.73,96,84,9.75
105,Sabang,ID,2022-01-24 21:47:21,5.8933,95.3214,79.79,76,60,4.23
106,Cabo San Lucas,MX,2022-01-24 21:42:22,22.8909,-109.9124,76.6,51,64,5.68
107,Tucano,BR,2022-01-24 21:47:21,-10.9631,-38.7867,78.33,70,76,9.28
108,Bud,US,2022-01-24 21:47:22,39.447,-86.1758,39.25,89,100,12.53
109,Praya,CV,2022-01-24 21:47:22,14.9215,-23.5087,75.74,64,90,10.36
110,Kintinku,TZ,2022-01-24 21:47:22,-5.8833,35.2333,67.19,91,99,2.95
111,Tuktoyaktuk,CA,2022-01-24 21:47:23,69.4541,-133.0374,8.6,85,75,14.97
112,Dolores,AR,2022-01-24 21:47:23,-36.3132,-57.6792,84.11,57,86,0.58
113,Tuatapere,NZ,2022-01-24 21:47:23,-46.1333,167.6833,56.82,64,78,2.82
114,Pevek,RU,2022-01-24 21:47:24,69.7008,170.3133,-15.63,98,100,6.89
115,Ribeira Grande,PT,2022-01-24 21:47:24,38.5167,-28.7,57.6,72,20,10.36
116,Vanimo,PG,2022-01-24 21:47:25,-2.6741,141.3028,78.96,82,98,3.09
117,Cidreira,BR,2022-01-24 21:47:25,-30.1811,-50.2056,78.58,85,16,11.63
118,Aklavik,CA,2022-01-24 21:47:25,68.2191,-135.0107,20.23,85,75,10.36
119,Acapulco,MX,2022-01-24 21:43:08,16.8634,-99.8901,85.82,58,75,6.91
120,Abatskoye,RU,2022-01-24 21:47:26,56.2875,70.4555,8.69,89,100,9.73
121,Kurchum,KZ,2022-01-24 21:47:26,48.5722,83.6542,-16.85,96,83,3.15
122,Severo-Kurilsk,RU,2022-01-24 21:47:26,50.6789,156.125,21.61,71,98,8.77
123,Yeppoon,AU,2022-01-24 21:47:27,-23.1333,150.7333,78.58,66,99,5.82
124,Faya,SA,2022-01-24 21:47:27,18.3851,42.4509,51.91,50,0,2.24
125,Bintulu,MY,2022-01-24 21:47:27,3.1667,113.0333,73.81,94,20,0.0
126,Beisfjord,NO,2022-01-24 21:47:28,68.3751,17.5988,30.25,93,100,10.71
127,Seoul,KR,2022-01-24 21:45:28,37.5683,126.9778,36.97,81,100,6.91
128,Hervey Bay,AU,2022-01-24 21:47:28,-25.2986,152.8535,75.31,85,100,5.01
129,Wajima,JP,2022-01-24 21:47:28,37.4,136.9,37.74,63,85,7.34
130,Belmonte,BR,2022-01-24 21:47:29,-15.8631,-38.8828,79.3,81,100,5.91
131,Gat,IL,2022-01-24 21:47:29,31.61,34.7642,46.4,100,52,5.1
132,Torbay,CA,2022-01-24 21:47:29,47.6666,-52.7314,33.58,94,100,20.71
133,Tigil,RU,2022-01-24 21:47:30,57.8,158.6667,-13.09,100,96,1.81
134,Nejdek,CZ,2022-01-24 21:47:30,50.3224,12.7294,35.17,91,100,4.61
135,Hithadhoo,MV,2022-01-24 21:47:30,-0.6,73.0833,81.01,77,86,14.58
136,Yongan,CN,2022-01-24 21:47:31,39.6957,113.6871,18.45,90,43,5.37
137,Vetluzhskiy,RU,2022-01-24 21:47:31,58.3902,45.4654,7.93,95,66,6.93
138,Nanakuli,US,2022-01-24 21:47:31,21.3906,-158.1547,80.55,53,0,6.91
139,Ust-Kuyga,RU,2022-01-24 21:48:32,70.0167,135.6,-12.6,99,100,4.18
140,Yakeshi,CN,2022-01-24 21:48:32,49.2833,120.7333,-2.29,99,100,2.55
141,Carnarvon,AU,2022-01-24 21:48:32,-24.8667,113.6333,75.27,78,0,11.5
142,Kenmare,IE,2022-01-24 21:48:33,51.8833,-9.5833,45.64,78,100,3.27
143,Tocopilla,CL,2022-01-24 21:48:33,-22.092,-70.1979,70.12,74,25,6.15
144,Pemba,MZ,2022-01-24 21:48:34,-12.974,40.5178,79.5,88,75,17.0
145,Pingliang,CN,2022-01-24 21:48:34,35.5392,106.6861,29.01,73,100,1.36
146,Geraldton,AU,2022-01-24 21:47:32,-28.7667,114.6,64.81,52,0,16.11
147,Lae,PG,2022-01-24 21:48:35,-6.7221,146.9847,75.87,80,100,5.48
148,Kenai,US,2022-01-24 21:48:35,60.5544,-151.2583,37.49,88,100,4.61
149,Tingi,TZ,2022-01-24 21:48:35,-11.3,35.0333,63.66,95,100,3.69
150,Nemuro,JP,2022-01-24 21:48:16,43.3236,145.575,21.96,74,66,11.27
151,Dunedin,NZ,2022-01-24 21:48:36,-45.8742,170.5036,58.8,73,23,4.0
152,Olonets,RU,2022-01-24 21:48:36,60.9847,32.9698,28.81,95,100,16.64
153,Lubumbashi,CD,2022-01-24 21:48:37,-11.6609,27.4794,61.02,96,100,3.78
154,Kiruna,SE,2022-01-24 21:48:37,67.8557,20.2251,20.32,68,10,9.22
155,Juegang,CN,2022-01-24 21:48:37,32.3174,121.1855,38.91,81,100,6.85
156,Baley,RU,2022-01-24 21:48:38,51.6,116.6333,-4.76,100,100,0.47
157,Ostrovnoy,RU,2022-01-24 21:48:38,68.0531,39.5131,28.22,84,95,17.94
158,Batagay,RU,2022-01-24 21:45:54,67.6333,134.6333,-21.69,100,99,1.28
159,Chuy,UY,2022-01-24 21:48:38,-33.6971,-53.4616,77.18,81,48,9.42
160,Kedrovyy,RU,2022-01-24 21:48:39,56.1667,91.8167,7.21,96,100,5.19
161,Ponferrada,ES,2022-01-24 21:48:39,42.5466,-6.5962,43.07,79,0,1.01
162,Bhag,PK,2022-01-24 21:48:39,29.0415,67.8239,55.63,27,0,3.42
163,Olafsvik,IS,2022-01-24 21:48:40,64.8945,-23.7142,38.41,98,100,25.12
164,Abtenau,AT,2022-01-24 21:48:40,47.5637,13.346,33.51,93,43,3.44
165,Saint George,US,2022-01-24 21:48:40,37.1041,-113.5841,66.67,27,0,3.0
166,Velingara,SN,2022-01-24 21:48:41,13.15,-14.1167,83.68,9,99,9.4
167,Atar,MR,2022-01-24 21:48:41,20.5169,-13.0499,74.23,15,100,5.06
168,Tevaitoa,PF,2022-01-24 21:48:41,-16.7833,-151.5,80.65,76,100,10.36
169,Guarapari,BR,2022-01-24 21:48:42,-20.6667,-40.4975,80.49,85,14,8.81
170,Broken Hill,AU,2022-01-24 21:47:28,-31.95,141.4333,71.31,73,40,5.75
171,Pandan,PH,2022-01-24 21:48:42,14.0453,124.1694,78.19,88,82,16.28
172,Barrow,US,2022-01-24 21:48:43,71.2906,-156.7887,10.42,85,100,19.57
173,Lebu,CL,2022-01-24 21:48:43,-37.6167,-73.65,61.86,71,1,17.29
174,Yellowknife,CA,2022-01-24 21:48:44,62.456,-114.3525,-11.58,81,20,6.91
175,Kaduy,RU,2022-01-24 21:48:44,59.2,37.15,16.77,88,51,10.56
176,Emerald,AU,2022-01-24 21:48:44,-23.5333,148.1667,77.14,78,100,8.05
177,Kieta,PG,2022-01-24 21:48:44,-6.2167,155.6333,83.28,79,100,4.34
178,Richards Bay,ZA,2022-01-24 21:48:45,-28.783,32.0377,71.26,83,3,7.85
179,Guerrero Negro,MX,2022-01-24 21:46:43,27.9769,-114.0611,66.78,44,0,15.28
180,Faanui,PF,2022-01-24 21:48:45,-16.4833,-151.75,80.56,75,100,9.08
181,Coihaique,CL,2022-01-24 21:46:32,-45.5752,-72.0662,66.15,48,75,9.22
182,Quirinopolis,BR,2022-01-24 21:48:46,-18.4483,-50.4517,80.17,66,22,4.07
183,Ixtapa,MX,2022-01-24 21:48:20,20.7,-105.2,75.22,73,100,10.36
184,Les Cayes,HT,2022-01-24 21:49:46,18.2,-73.75,78.94,68,27,5.46
185,Ponta Do Sol,PT,2022-01-24 21:49:47,32.6667,-17.1,63.23,52,74,7.85
186,Arani,IN,2022-01-24 21:49:47,12.6667,79.2833,70.88,89,49,2.51
187,Isangel,VU,2022-01-24 21:49:47,-19.55,169.2667,86.11,84,75,2.3
188,Dawei,MM,2022-01-24 21:49:48,14.0833,98.2,63.59,77,1,4.0
189,Sao Filipe,CV,2022-01-24 21:49:48,14.8961,-24.4956,76.41,61,55,2.64
190,Champerico,GT,2022-01-24 21:49:48,14.3,-91.9167,91.94,61,2,11.05
191,Tezu,IN,2022-01-24 21:49:49,27.9167,96.1667,54.41,84,88,2.68
192,Kruisfontein,ZA,2022-01-24 21:49:49,-34.0033,24.7314,69.89,86,85,11.59
193,Sitka,US,2022-01-24 21:49:49,57.0531,-135.33,39.09,87,100,3.44
194,Bismarck,US,2022-01-24 21:45:21,46.8083,-100.7837,7.88,71,0,8.05
195,Sept-Iles,CA,2022-01-24 21:49:50,50.2001,-66.3821,1.92,51,75,4.61
196,Saldanha,ZA,2022-01-24 21:49:50,-33.0117,17.9442,66.25,95,6,19.46
197,Georgetown,MY,2022-01-24 21:49:50,5.4112,100.3354,80.53,92,40,3.44
198,Nikolskoye,RU,2022-01-24 21:49:51,59.7035,30.7861,32.88,93,100,11.83
199,Bitung,ID,2022-01-24 21:49:33,1.4451,125.1824,76.05,78,64,2.73
200,Gravelbourg,CA,2022-01-24 21:49:51,49.8834,-106.5512,3.47,88,93,4.52
201,Venado Tuerto,AR,2022-01-24 21:49:52,-33.7456,-61.9688,85.78,57,100,3.49
202,La Paz,BO,2022-01-24 21:49:02,-16.5,-68.15,49.98,87,75,5.75
203,Upernavik,GL,2022-01-24 21:49:52,72.7868,-56.1549,-11.25,82,80,8.5
204,Tutayev,RU,2022-01-24 21:49:52,57.8853,39.5406,13.48,93,27,8.25
205,Cimarron Hills,US,2022-01-24 21:47:31,38.8586,-104.6989,46.24,33,40,8.05
206,Ajdabiya,LY,2022-01-24 21:49:53,30.7554,20.2263,51.4,78,56,10.42
207,Doha,QA,2022-01-24 21:49:53,25.2867,51.5333,60.78,75,0,2.3
208,Sterling,US,2022-01-24 21:49:54,39.0062,-77.4286,41.59,56,100,11.99
209,Khatanga,RU,2022-01-24 21:49:54,71.9667,102.5,7.32,94,100,17.92
210,Dingle,PH,2022-01-24 21:49:54,10.9995,122.6711,74.59,94,98,8.77
211,Bejar,ES,2022-01-24 21:49:55,40.3864,-5.7634,30.34,84,6,3.78
212,Tarko-Sale,RU,2022-01-24 21:49:55,64.9225,77.785,-6.12,100,70,10.36
213,Yar-Sale,RU,2022-01-24 21:49:55,66.8333,70.8333,4.17,96,50,12.95
214,Samana,DO,2022-01-24 21:49:56,19.2056,-69.3369,82.62,74,20,6.91
215,Dudinka,RU,2022-01-24 21:49:56,69.4058,86.1778,-5.08,98,100,18.34
216,Christchurch,NZ,2022-01-24 21:48:16,-43.5333,172.6333,69.01,74,20,1.99
217,Anadyr,RU,2022-01-24 21:49:56,64.75,177.4833,-23.3,76,20,6.71
218,Kahului,US,2022-01-24 21:49:57,20.8947,-156.47,80.96,60,20,17.27
219,Chokurdakh,RU,2022-01-24 21:49:57,70.6333,147.9167,-24.21,100,99,5.32
220,Lumphat,KH,2022-01-24 21:47:12,13.4878,106.9816,72.28,86,78,3.65
221,Apricena,IT,2022-01-24 21:49:57,41.7839,15.4437,30.02,60,80,0.49
222,Bundaberg,AU,2022-01-24 21:49:58,-24.85,152.35,75.49,83,100,5.75
223,Khandbari,NP,2022-01-24 21:49:58,27.3747,87.2039,49.15,82,99,4.25
224,Lithakia,GR,2022-01-24 21:49:58,37.7167,20.8333,40.59,51,99,23.09
225,Bac Lieu,VN,2022-01-24 21:49:59,9.285,105.7244,74.64,91,87,5.46
226,Guaraciaba Do Norte,BR,2022-01-24 21:45:28,-4.1669,-40.7475,73.99,46,100,5.44
227,Roebourne,AU,2022-01-24 21:49:59,-20.7833,117.1333,82.83,77,18,8.72
228,Lavrentiya,RU,2022-01-24 21:50:00,65.5833,-171.0,-0.02,94,100,6.58
229,Surgut,RU,2022-01-24 21:47:30,61.25,73.4167,3.38,84,40,8.99
230,Bijawar,IN,2022-01-24 21:50:00,24.6333,79.5,48.99,72,0,3.53
231,Haines Junction,CA,2022-01-24 21:51:01,60.7522,-137.5108,35.55,64,99,8.05
232,Svetlaya,RU,2022-01-24 21:51:01,46.5389,138.3297,7.05,76,2,6.13
233,Kegums,LV,2022-01-24 21:51:02,56.7451,24.7244,35.1,98,100,8.97
234,Smidovich,RU,2022-01-24 21:51:02,48.6,133.8167,-25.31,100,87,3.04
235,Castro,BR,2022-01-24 21:46:27,-24.7911,-50.0119,75.42,64,44,2.39
236,Quang Ngai,VN,2022-01-24 21:51:03,15.1167,108.8,70.59,93,56,4.29
237,Nome,US,2022-01-24 21:51:03,64.5011,-165.4064,21.27,86,100,21.85
238,Chiang Khong,TH,2022-01-24 21:51:03,20.2613,100.4046,57.52,87,4,1.39
239,San Patricio,US,2022-01-24 21:51:04,28.017,-97.5169,52.9,86,100,9.15
240,Mahebourg,MU,2022-01-24 21:51:04,-20.4081,57.7,77.29,69,40,16.11
241,Vardo,NO,2022-01-24 21:51:05,70.3705,31.1107,24.55,74,0,28.77
242,Sochi,RU,2022-01-24 21:49:54,43.6,39.7303,35.69,82,100,7.38
243,Canutama,BR,2022-01-24 21:51:05,-6.5339,-64.3831,79.74,89,99,1.72
244,Mairi,BR,2022-01-24 21:51:05,-11.7114,-40.1489,75.88,69,92,4.88
245,Clyde River,CA,2022-01-24 21:51:06,70.4692,-68.5914,-3.77,84,100,28.77
246,Port Lincoln,AU,2022-01-24 21:51:06,-34.7333,135.8667,70.32,82,0,5.1
247,Esperance,AU,2022-01-24 21:51:06,-33.8667,121.9,60.64,82,29,11.27
248,Qinhuangdao,CN,2022-01-24 21:51:07,39.9317,119.5883,21.43,80,100,3.56
249,Klatovy,CZ,2022-01-24 21:51:07,49.3955,13.2951,37.65,93,67,1.66
250,Tilichiki,RU,2022-01-24 21:51:07,60.4667,166.1,-21.68,95,25,6.8
251,Praia,CV,2022-01-24 21:51:08,14.9215,-23.5087,75.74,64,90,10.36
252,Hamilton,US,2022-01-24 21:51:08,39.1834,-84.5333,39.24,90,100,3.0
253,Marietta,US,2022-01-24 21:47:33,33.9526,-84.5499,58.78,40,40,6.91
254,Ballina,AU,2022-01-24 21:51:08,-28.8667,153.5667,73.36,88,100,6.91
255,Malanje,AO,2022-01-24 21:51:09,-9.5402,16.341,64.2,94,100,1.45
256,Luderitz,NA,2022-01-24 21:51:09,-26.6481,15.1594,78.89,55,5,15.61
257,Lagoa,PT,2022-01-24 21:51:10,39.05,-27.9833,58.44,68,99,9.31
258,Norman Wells,CA,2022-01-24 21:51:10,65.282,-126.8329,12.24,85,75,8.05
259,Chicama,PE,2022-01-24 21:51:10,-7.8447,-79.1469,68.54,66,89,10.02
260,Quatre Cocos,MU,2022-01-24 21:51:11,-20.2078,57.7625,77.11,68,56,19.1
261,Oberhausen,DE,2022-01-24 21:51:11,51.4667,6.85,41.72,90,0,1.01
262,Lompoc,US,2022-01-24 21:48:52,34.6391,-120.4579,75.56,55,0,13.8
263,Myitkyina,MM,2022-01-24 21:51:12,25.3833,97.4,55.27,99,100,1.1
264,Aden,YE,2022-01-24 21:50:50,12.7794,45.0367,75.92,73,64,11.18
265,Hasaki,JP,2022-01-24 21:51:12,35.7333,140.8333,27.0,57,28,11.05
266,Aleksandrov Gay,RU,2022-01-24 21:51:12,50.147,48.5704,13.78,91,99,11.12
267,Harper,LR,2022-01-24 21:51:13,4.375,-7.7169,78.37,84,10,6.08
268,Sooke,CA,2022-01-24 21:51:13,48.3746,-123.7276,47.55,86,53,11.5
269,Saint-Augustin,CA,2022-01-24 21:51:14,51.226,-58.6502,-0.15,96,25,2.15
270,Westport,US,2022-01-24 21:49:20,41.1415,-73.3579,32.25,70,0,1.99
271,Sitio Novo Do Tocantins,BR,2022-01-24 21:51:14,-5.5183,-47.4611,82.33,78,40,6.91
272,Puerto Del Rosario,ES,2022-01-24 21:51:14,28.5004,-13.8627,65.95,72,20,8.05
273,La Ronge,CA,2022-01-24 21:51:15,55.1001,-105.2842,-7.35,59,20,6.91
274,Antofagasta,CL,2022-01-24 21:50:36,-23.65,-70.4,72.21,60,24,8.88
275,Dombarovskiy,RU,2022-01-24 21:52:15,50.7587,59.5386,-9.45,95,75,1.9
276,Daan,CN,2022-01-24 21:52:16,33.0558,106.2958,37.56,99,100,2.66
277,Bangaon,IN,2022-01-24 21:52:16,23.0667,88.8167,62.55,89,2,3.0
278,Bambous Virieux,MU,2022-01-24 21:52:16,-20.3428,57.7575,77.25,69,40,16.11
279,Ucluelet,CA,2022-01-24 21:52:17,48.9329,-125.5528,39.51,65,99,3.44
280,Ongandjera,NA,2022-01-24 21:52:17,-17.8833,15.0667,79.63,36,22,6.11
281,Wilmington Island,US,2022-01-24 21:49:01,32.0036,-80.9737,60.89,63,20,5.21
282,Menongue,AO,2022-01-24 21:52:18,-14.6585,17.691,63.0,81,69,4.21
283,Constitucion,CL,2022-01-24 21:52:18,-35.3333,-72.4167,66.15,68,3,18.41
284,Kaihua,CN,2022-01-24 21:52:18,23.3687,104.28,53.2,88,74,7.45
285,Cherskiy,RU,2022-01-24 21:52:19,68.75,161.3,-31.09,100,100,6.06
286,Narsaq,GL,2022-01-24 21:52:19,60.9167,-46.05,24.82,95,100,4.99
287,Kumluca,TR,2022-01-24 21:52:19,36.3703,30.2869,42.67,61,100,10.67
288,Methoni,GR,2022-01-24 21:52:20,36.8197,21.7049,41.22,56,91,18.07
289,Porbandar,IN,2022-01-24 21:52:20,21.6422,69.6093,60.98,42,0,9.01
290,Talnakh,RU,2022-01-24 21:52:20,69.4865,88.3972,-5.6,97,98,10.4
291,Sola,VU,2022-01-24 21:52:21,-13.8833,167.55,83.07,84,75,0.0
292,Bridlington,GB,2022-01-24 21:52:21,54.0831,-0.1919,36.9,86,0,6.51
293,Cascais,PT,2022-01-24 21:50:04,38.6979,-9.4215,55.47,60,54,7.0
294,Saint-Pierre,RE,2022-01-24 21:52:21,-21.3393,55.4781,76.68,57,0,21.85
295,Ratnagiri,IN,2022-01-24 21:52:22,16.9833,73.3,62.55,62,3,6.69
296,Long Xuyen,VN,2022-01-24 21:52:22,10.3833,105.4167,73.35,94,78,5.5
297,Makushino,RU,2022-01-24 21:52:23,55.2103,67.2442,7.59,91,100,8.81
298,Pimenta Bueno,BR,2022-01-24 21:52:23,-11.6725,-61.1936,80.04,87,99,1.19
299,Samarai,PG,2022-01-24 21:52:23,-10.6167,150.6667,84.15,74,100,13.42
300,Ola,RU,2022-01-24 21:52:24,59.5833,151.2833,-19.08,89,65,7.34
301,Inhambane,MZ,2022-01-24 21:52:24,-23.865,35.3833,77.22,86,87,14.43
302,Chililabombwe,ZM,2022-01-24 21:52:24,-12.3648,27.8229,61.56,95,100,3.36
303,Requena,ES,2022-01-24 21:52:25,39.4883,-1.1004,44.01,95,44,4.63
304,Flinders,AU,2022-01-24 21:52:25,-34.5833,150.8552,74.05,79,100,5.99
305,Linqiong,CN,2022-01-24 21:52:26,30.4159,103.4609,46.22,87,100,4.65
306,Cairns,AU,2022-01-24 21:52:26,-16.9167,145.7667,80.06,92,75,0.0
307,Vostok,RU,2022-01-24 21:52:26,46.4856,135.8833,-13.2,99,62,4.43
308,Baykit,RU,2022-01-24 21:52:27,61.67,96.37,-10.98,100,96,1.7
309,Mwingi,KE,2022-01-24 21:52:27,-0.9344,38.0601,66.76,61,86,3.4
310,Gamba,GA,2022-01-24 21:52:27,-2.65,10.0,76.41,88,18,3.38
311,Vredendal,ZA,2022-01-24 21:52:28,-31.6683,18.5012,69.82,74,0,3.69
312,Roma,US,2022-01-24 21:52:28,43.2128,-75.4557,22.37,57,100,4.61
313,Chapais,CA,2022-01-24 21:52:28,49.7834,-74.8492,-2.42,96,100,4.21
314,Ust-Nera,RU,2022-01-24 21:52:28,64.5667,143.2,-28.95,98,100,3.09
315,Bousso,TD,2022-01-24 21:52:29,10.4795,16.7117,73.18,16,4,7.67
316,Chegutu,ZW,2022-01-24 21:52:29,-18.1302,30.1407,64.09,86,99,8.86
317,Asau,RO,2022-01-24 21:52:29,46.4333,26.4,21.96,76,46,4.36
318,Bajil,YE,2022-01-24 21:52:30,15.0584,43.2851,76.48,75,47,4.72
319,La Romana,DO,2022-01-24 21:52:30,18.4273,-68.9728,82.76,74,40,6.91
320,Paraiso,CR,2022-01-24 21:52:30,9.8383,-83.8656,79.16,52,21,4.85
321,Tual,ID,2022-01-24 21:52:31,-5.6667,132.75,82.9,80,93,14.92
322,Grand Gaube,MU,2022-01-24 21:53:31,-20.0064,57.6608,77.4,72,26,5.01
323,Northam,GB,2022-01-24 21:53:31,51.0333,-4.2167,42.48,88,97,6.76
324,Shahr-E Babak,IR,2022-01-24 21:53:32,30.1165,55.1186,39.7,40,0,0.76
325,Heers,BE,2022-01-24 21:53:32,50.75,5.3,35.38,98,0,1.14
326,Sabha,LY,2022-01-24 21:53:32,27.0377,14.4283,48.67,44,1,5.48
327,Fostoria,US,2022-01-24 21:53:32,41.157,-83.4169,30.16,90,100,3.0
328,Doka,SD,2022-01-24 21:53:33,13.5167,35.7667,76.05,33,2,11.03
329,Gayeri,BF,2022-01-24 21:53:33,12.6497,0.4931,70.68,12,1,9.69
330,Deer Lake,CA,2022-01-24 21:53:33,49.1667,-57.4316,26.46,93,100,0.0
331,Makakilo City,US,2022-01-24 21:53:34,21.3469,-158.0858,76.57,54,0,9.22
332,Townsville,AU,2022-01-24 21:53:34,-19.25,146.8,83.28,70,75,11.5
333,Najran,SA,2022-01-24 21:53:34,17.4924,44.1277,57.85,36,0,1.63
334,Akyab,MM,2022-01-24 21:53:35,20.15,92.9,70.48,73,73,4.88
335,Alice Springs,AU,2022-01-24 21:53:35,-23.7,133.8833,78.35,73,29,8.05
336,Yulara,AU,2022-01-24 21:53:35,-25.2406,130.9889,75.04,53,0,9.22
337,Hirara,JP,2022-01-24 21:53:36,24.8,125.2833,66.47,82,75,6.91
338,Tsogni,GA,2022-01-24 21:53:36,-2.7942,10.0988,75.58,89,22,3.44
339,Solikamsk,RU,2022-01-24 21:53:36,59.6196,56.7729,14.77,89,100,10.07
340,Laguna,US,2022-01-24 21:53:37,38.421,-121.4238,66.04,56,0,1.99
341,Kulhudhuffushi,MV,2022-01-24 21:53:37,6.6221,73.07,80.28,61,97,8.75
342,Hofn,IS,2022-01-24 21:53:37,64.2539,-15.2082,34.25,62,100,6.11
343,Linz,AT,2022-01-24 21:53:37,48.3064,14.2861,36.93,93,75,1.01
344,Ransang,PH,2022-01-24 21:53:38,8.9603,117.5828,78.21,88,81,7.54
345,Pakenham,AU,2022-01-24 21:53:38,-38.0667,145.4833,81.95,72,99,1.99
346,Naze,JP,2022-01-24 21:53:39,28.3667,129.4833,58.12,81,99,16.26
347,Havoysund,NO,2022-01-24 21:53:39,70.9963,24.6622,30.43,80,100,39.57
348,Rosarito,MX,2022-01-24 21:53:39,32.3333,-117.0333,73.63,51,0,7.29
349,Aiken,US,2022-01-24 21:53:40,33.5835,-81.5998,58.91,32,0,8.05
350,Aranjuez,ES,2022-01-24 21:53:40,40.0311,-3.6025,48.51,71,5,8.41
351,Raudeberg,NO,2022-01-24 21:53:40,61.9875,5.1352,40.19,80,100,5.01
352,La Macarena,CO,2022-01-24 21:53:41,2.1837,-73.7849,91.96,37,100,4.23
353,Vestmannaeyjar,IS,2022-01-24 21:53:41,63.4427,-20.2734,41.77,90,100,31.5
354,Tessalit,ML,2022-01-24 21:53:41,20.1986,1.0114,63.19,17,44,10.65
355,Kalmunai,LK,2022-01-24 21:53:42,7.4167,81.8167,72.46,76,90,2.28
356,Yankton,US,2022-01-24 21:53:42,42.8711,-97.3973,20.12,58,0,12.66
357,Carballo,ES,2022-01-24 21:53:42,43.213,-8.691,47.68,85,1,2.73
358,Maragogi,BR,2022-01-24 21:53:43,-9.0122,-35.2225,80.06,71,98,11.39
359,Yumen,CN,2022-01-24 21:53:43,40.2833,97.2,16.36,59,78,2.98
360,Kudahuvadhoo,MV,2022-01-24 21:53:43,2.6708,72.8944,80.31,65,86,10.36
361,Bandar,ID,2022-01-24 21:53:43,2.05,99.75,71.22,96,91,2.24
362,Alofi,NU,2022-01-24 21:50:14,-19.0595,-169.9187,84.09,74,40,8.05
363,Jiayuguan,CN,2022-01-24 21:53:44,39.8167,98.3,16.95,60,39,3.33
364,Russell,US,2022-01-24 21:53:44,32.3502,-85.1999,60.08,33,0,0.0
365,Saint Anthony,US,2022-01-24 21:53:44,45.0205,-93.218,11.8,62,0,4.0
366,Tungor,RU,2022-01-24 21:53:45,53.3808,142.9564,-7.67,96,26,10.87
367,Jalu,LY,2022-01-24 21:53:45,29.0331,21.5482,50.83,65,13,7.96
368,Evensk,RU,2022-01-24 21:53:45,61.95,159.2333,-8.82,85,98,5.39
369,Glencoe,ZA,2022-01-24 21:53:46,-28.1783,30.147,59.58,85,51,1.68
370,Bandarbeyla,SO,2022-01-24 21:53:46,9.4942,50.8122,74.01,67,3,23.06
371,Marawi,PH,2022-01-24 21:53:46,7.9986,124.2928,65.64,98,100,0.34
372,Bosaso,SO,2022-01-24 21:54:47,11.2842,49.1816,71.56,74,29,4.0
373,High Level,CA,2022-01-24 21:54:47,58.5169,-117.136,5.11,78,100,8.05
374,Camopi,GF,2022-01-24 21:54:47,3.1655,-52.3158,72.63,98,48,3.09
375,Sioux Lookout,CA,2022-01-24 21:53:06,50.1001,-91.917,-7.22,70,40,9.22
376,Aripuana,BR,2022-01-24 21:54:48,-9.1667,-60.6333,78.84,91,71,1.52
377,Kloulklubed,PW,2022-01-24 21:54:48,7.0419,134.2556,83.05,79,81,17.74
378,Pankrushikha,RU,2022-01-24 21:54:48,53.8319,80.3406,-9.99,100,100,3.76
379,Emilio Carranza,MX,2022-01-24 21:54:49,19.9711,-96.6114,76.66,74,21,13.87
380,Srednekolymsk,RU,2022-01-24 21:54:49,67.45,153.6833,-28.98,99,98,6.89
381,Shubarshi,KZ,2022-01-24 21:54:49,48.5872,57.1869,-0.09,99,26,6.76
382,Santa Fe,AR,2022-01-24 21:54:50,-31.6333,-60.7,83.01,79,100,1.99
383,Namibe,AO,2022-01-24 21:54:50,-15.1961,12.1522,76.77,79,42,3.96
384,Carndonagh,IE,2022-01-24 21:54:50,55.25,-7.2667,39.9,95,8,6.42
385,San Pedro,PH,2022-01-24 21:54:51,14.35,121.0167,76.35,80,20,2.3
386,Bathsheba,BB,2022-01-24 21:54:51,13.2167,-59.5167,81.21,57,20,17.27
387,Pangnirtung,CA,2022-01-24 21:54:51,66.1451,-65.7125,10.4,85,100,8.05
388,Brainerd,US,2022-01-24 21:53:39,46.358,-94.2008,8.26,80,60,10.96
389,Tucuma,BR,2022-01-24 21:54:52,-0.1833,-50.05,75.47,87,100,6.8
390,Naryan-Mar,RU,2022-01-24 21:54:52,67.6713,53.087,26.85,93,100,22.66
391,Khanewal,PK,2022-01-24 21:54:52,30.3,71.9333,48.02,64,0,5.17
392,Pingdu,CN,2022-01-24 21:54:53,36.7844,119.9464,27.84,73,94,2.53
393,Bubaque,GW,2022-01-24 21:54:53,11.2833,-15.8333,79.57,63,75,11.34
394,Berlevag,NO,2022-01-24 21:54:53,70.8578,29.0864,26.55,93,75,37.98
395,Porto San Giorgio,IT,2022-01-24 21:54:54,43.1827,13.7934,43.86,54,43,4.54
396,Sulangan,PH,2022-01-24 21:54:54,11.1373,123.7228,77.68,91,100,20.56
397,Hit,IQ,2022-01-24 21:54:54,33.6416,42.8251,51.82,41,20,6.58
398,Nieuwpoort,BE,2022-01-24 21:54:55,51.1244,2.7735,36.01,93,20,3.44
399,Ancud,CL,2022-01-24 21:54:55,-41.8697,-73.8203,65.73,73,59,6.69
400,San Cristobal,VE,2022-01-24 21:54:55,7.7669,-72.225,78.98,50,45,1.39
401,Acajutla,SV,2022-01-24 21:54:56,13.5928,-89.8275,90.81,60,0,6.22
402,Verkhoyansk,RU,2022-01-24 21:54:56,67.5447,133.385,-25.94,100,97,2.15
403,Kushima,JP,2022-01-24 21:54:56,31.4583,131.2333,47.71,89,97,5.28
404,Namatanai,PG,2022-01-24 21:54:57,-3.6667,152.4333,81.63,78,80,2.24
405,Beringovskiy,RU,2022-01-24 21:54:57,63.05,179.3167,-21.39,90,11,6.96
406,Malkangiri,IN,2022-01-24 21:54:57,18.35,81.9,63.01,66,6,2.37
407,Lubango,AO,2022-01-24 21:54:58,-14.9172,13.4925,63.28,79,89,3.6
408,Caucaia,BR,2022-01-24 21:54:58,-3.7361,-38.6531,82.35,73,0,5.75
409,Ishim,RU,2022-01-24 21:54:58,56.1128,69.4902,8.87,92,100,9.69
410,Glyadyanskoye,RU,2022-01-24 21:54:59,54.9075,65.0883,7.86,90,100,8.21
411,Guilford,US,2022-01-24 21:54:59,36.0668,-79.7998,50.9,49,27,6.24
412,Riyadh,SA,2022-01-24 21:51:57,24.6877,46.7219,59.14,32,0,5.82
413,Yakima,US,2022-01-24 21:54:59,46.4665,-120.6678,32.85,88,53,2.98
414,Muravlenko,RU,2022-01-24 21:55:00,63.7898,74.523,-3.37,100,97,9.48
415,Taikang,CN,2022-01-24 21:55:00,46.8333,124.4167,2.95,95,100,3.62
416,Te Anau,NZ,2022-01-24 21:55:00,-45.4167,167.7167,61.07,63,62,1.61
417,Eureka,US,2022-01-24 21:55:01,40.8021,-124.1637,63.12,58,52,1.01
418,Rio Gallegos,AR,2022-01-24 21:56:01,-51.6226,-69.2181,68.05,24,40,42.57
419,Tamandare,BR,2022-01-24 21:56:01,-8.7597,-35.1047,80.24,72,93,10.49
420,State College,US,2022-01-24 21:55:47,40.7934,-77.86,31.41,73,100,1.01
421,Sisimiut,GL,2022-01-24 21:56:02,66.9395,-53.6735,20.98,68,100,12.12
422,Songjianghe,CN,2022-01-24 21:56:02,42.1859,127.479,4.59,95,26,3.62
423,Cap Malheureux,MU,2022-01-24 21:56:03,-19.9842,57.6142,77.49,71,21,5.01
424,Louis Trichardt,ZA,2022-01-24 21:56:03,-23.0439,29.9032,66.65,77,100,8.86
425,New Baltimore,US,2022-01-24 21:54:37,42.6811,-82.7369,25.07,95,100,0.0
426,Bambey,SN,2022-01-24 21:56:03,14.6955,-16.4493,86.05,9,100,14.12
427,Oudtshoorn,ZA,2022-01-24 21:56:04,-33.5907,22.2014,66.56,73,46,5.32
428,Komsomolskiy,UZ,2022-01-24 21:56:04,40.4272,71.7189,31.42,80,100,6.91
429,Novobiryusinskiy,RU,2022-01-24 21:56:04,56.9578,97.7076,4.66,97,100,3.4
430,Rincon,US,2022-01-24 21:52:09,32.296,-81.2354,62.56,33,40,12.66
431,Deputatskiy,RU,2022-01-24 21:56:05,69.3,139.9,-14.91,96,100,4.32
432,Stromness,GB,2022-01-24 21:56:05,58.965,-3.296,43.05,80,100,8.99
433,Masallatah,LY,2022-01-24 21:56:06,32.6167,14.0,50.79,63,6,11.45
434,Ranau,MY,2022-01-24 21:56:06,5.9538,116.6641,68.65,94,81,0.89
435,Bulls,NZ,2022-01-24 21:56:06,-40.1667,175.3833,72.77,82,100,2.48
436,Passo Fundo,BR,2022-01-24 21:56:06,-28.2628,-52.4067,77.45,72,75,3.15
437,Manitouwadge,CA,2022-01-24 21:51:42,49.1215,-85.8403,-1.48,87,100,7.02
438,Lahij,YE,2022-01-24 21:56:07,13.1667,44.5833,69.15,79,72,4.54
439,Floresta,BR,2022-01-24 21:56:07,-8.6011,-38.5686,73.4,81,90,11.32
440,Balykshi,KZ,2022-01-24 21:56:08,47.0667,51.8667,12.2,85,0,22.37
441,Mangrol,IN,2022-01-24 21:56:08,21.1167,70.1167,59.7,55,0,7.74
442,Cabo Rojo,PR,2022-01-24 21:56:08,18.0866,-67.1457,80.67,71,3,4.0
443,Port Angeles,US,2022-01-24 21:54:52,48.1181,-123.4307,46.08,86,0,5.75
444,Mount Gambier,AU,2022-01-24 21:56:09,-37.8333,140.7667,73.31,56,49,6.91
445,Ejigbo,NG,2022-01-24 21:56:09,7.9,4.3167,76.93,21,1,2.3
446,Trstenik,RS,2022-01-24 21:51:22,43.6169,21.0025,10.81,92,30,4.32
447,Contamana,PE,2022-01-24 21:56:09,-7.3333,-75.0167,85.44,61,100,3.67
448,Nago,JP,2022-01-24 21:56:10,26.5881,127.9761,64.56,77,53,10.33
449,San Antonio,US,2022-01-24 21:52:54,29.4241,-98.4936,62.11,87,75,3.44
450,Gouyave,GD,2022-01-24 21:56:10,12.1646,-61.7296,81.37,65,20,24.16
451,Vila Velha,BR,2022-01-24 21:56:11,-20.3297,-40.2925,80.55,82,20,1.99
452,Nioki,CD,2022-01-24 21:56:11,-2.7167,17.6833,74.84,86,100,4.09
453,Pasni,PK,2022-01-24 21:56:11,25.2631,63.471,63.82,30,0,14.45
454,Payo,ID,2022-01-24 21:56:12,-3.7508,103.6372,72.03,98,100,2.3
455,Kwekwe,ZW,2022-01-24 21:56:12,-18.9281,29.8149,63.52,85,99,10.0
456,Saint-Joseph,RE,2022-01-24 21:56:12,-21.3667,55.6167,75.58,69,34,16.42
457,Katsuura,JP,2022-01-24 21:56:13,35.1333,140.3,39.31,63,94,10.07
458,Talara,PE,2022-01-24 21:56:13,-4.5772,-81.2719,79.56,61,0,17.83
459,Port Macquarie,AU,2022-01-24 21:53:10,-31.4333,152.9167,77.9,69,90,1.7
460,Onda,ES,2022-01-24 21:57:14,39.9667,-0.25,50.16,81,33,5.77
461,Hualmay,PE,2022-01-24 21:57:14,-11.0964,-77.6139,74.95,77,60,12.33
462,Victor Harbor,AU,2022-01-24 21:57:14,-35.5667,138.6167,82.47,89,70,7.25
463,Taut,RO,2022-01-24 21:57:15,46.2833,21.9167,13.59,94,11,1.81
464,Sechura,PE,2022-01-24 21:57:15,-5.5569,-80.8222,80.35,59,99,18.48
465,Merauke,ID,2022-01-24 21:55:05,-8.4667,140.3333,78.78,89,100,9.06
466,Kaka,TM,2022-01-24 21:57:16,37.3482,59.6143,38.98,42,0,3.94
467,Muros,ES,2022-01-24 21:57:16,42.7762,-9.0603,48.24,93,0,5.75
468,Lethem,GY,2022-01-24 21:57:16,3.3803,-59.7968,86.36,50,79,11.9
469,Yinchuan,CN,2022-01-24 21:57:17,38.4681,106.2731,23.32,49,3,5.26
470,Paamiut,GL,2022-01-24 21:57:17,61.994,-49.6678,24.66,94,100,8.12
471,Dharchula,IN,2022-01-24 21:57:17,29.85,80.5333,37.13,70,60,8.9
472,Waipawa,NZ,2022-01-24 21:57:18,-41.4122,175.5153,68.63,62,78,5.01
473,Ballater,GB,2022-01-24 21:57:18,57.0493,-3.0402,42.01,90,97,4.99
474,Ritchie,ZA,2022-01-24 21:57:18,-29.038,24.6028,67.21,31,35,2.59
475,Shchors,UA,2022-01-24 21:57:19,51.8186,31.945,5.95,98,66,6.13
476,Turukhansk,RU,2022-01-24 21:57:19,65.8167,87.9833,-18.54,99,91,5.17
477,Santa Rosa,PH,2022-01-24 21:57:19,14.3122,121.1114,77.11,78,96,6.76
478,Poum,NC,2022-01-24 21:57:20,-20.2333,164.0167,79.65,71,3,12.15
479,Lata,PT,2022-01-24 21:57:20,40.1629,-8.3327,49.82,82,1,3.11
480,Pali,IN,2022-01-24 21:57:20,25.7667,73.3333,52.68,53,0,6.96
481,Karratha,AU,2022-01-24 21:57:21,-20.7377,116.8463,82.54,78,34,9.35
482,Pontalina,BR,2022-01-24 21:57:21,-17.525,-49.4472,78.22,64,25,4.43
483,Constantine,DZ,2022-01-24 21:56:19,36.365,6.6147,42.21,70,0,0.0
484,Nizhniy Odes,RU,2022-01-24 21:57:21,63.6445,54.856,18.81,95,100,9.82
485,Polunochnoye,RU,2022-01-24 21:57:22,60.8697,60.4153,13.69,92,100,5.01
486,Fairbanks,US,2022-01-24 21:53:23,64.8378,-147.7164,41.34,65,40,6.91
487,Santa Cruz,BO,2022-01-24 21:57:22,-17.8,-63.1667,93.25,46,40,13.8
488,Tommot,RU,2022-01-24 21:57:23,58.9564,126.2925,-1.12,99,98,2.55
489,Nyuksenitsa,RU,2022-01-24 21:57:23,60.4128,44.2397,17.85,82,88,13.13
490,Yuzhnouralsk,RU,2022-01-24 21:57:23,54.4418,61.2536,7.25,92,100,1.92
491,Ilulissat,GL,2022-01-24 21:57:24,69.2167,-51.1,18.09,76,100,7.11
492,Tieli,CN,2022-01-24 21:57:24,46.95,128.05,-3.46,98,100,1.61
493,Kavaratti,IN,2022-01-24 21:57:24,10.5669,72.642,77.31,63,99,12.95
494,Ponta Delgada,PT,2022-01-24 21:57:25,37.7333,-25.6667,59.5,77,40,6.91
495,Kupang,ID,2022-01-24 21:57:25,-10.1667,123.5833,81.18,89,75,5.75
496,Yoichi,JP,2022-01-24 21:57:25,43.2039,140.7703,24.24,79,99,5.08
497,Disna,BY,2022-01-24 21:57:26,55.568,28.1971,24.22,95,100,10.4
498,Dillon,US,2022-01-24 21:57:26,34.4166,-79.3712,55.29,63,0,3.44
499,Nurota,UZ,2022-01-24 21:57:26,40.5614,65.6886,26.69,78,25,4.59
500,Iqaluit,CA,2022-01-24 21:57:27,63.7506,-68.5145,-20.47,76,75,3.44
501,Arcata,US,2022-01-24 21:57:27,40.8665,-124.0828,63.12,57,47,1.01
502,Lorengau,PG,2022-01-24 21:57:27,-2.0226,147.2712,84.11,74,55,7.18
503,Malinyi,TZ,2022-01-24 21:57:28,-8.9333,36.1333,70.56,98,100,0.27
504,Tecoanapa,MX,2022-01-24 21:58:28,16.5167,-98.75,83.84,54,0,9.19
505,Tiznit,MA,2022-01-24 21:58:28,29.5833,-9.5,52.81,93,35,3.02
506,Kodinsk,RU,2022-01-24 21:58:29,58.6881,99.1844,0.1,99,97,2.19
507,Linfen,CN,2022-01-24 21:58:29,36.0889,111.5189,32.94,86,13,2.37
508,Trinidad,BO,2022-01-24 21:58:29,-14.8333,-64.9,82.38,94,75,9.22
509,Pokhara,NP,2022-01-24 21:58:30,28.2333,83.9833,48.61,53,73,5.79
510,Nchelenge,ZM,2022-01-24 21:58:30,-9.3451,28.734,69.04,85,100,0.49
511,Vangaindrano,MG,2022-01-24 21:58:30,-23.35,47.6,74.08,80,100,8.9
512,Formosa,AR,2022-01-24 21:58:31,-26.1775,-58.1781,96.78,44,71,8.05
513,Cabedelo,BR,2022-01-24 21:58:31,-6.9811,-34.8339,83.07,71,50,10.98
514,Lakes Entrance,AU,2022-01-24 21:58:31,-37.8811,147.981,65.16,66,100,0.58
515,Valparaiso,CL,2022-01-24 21:58:32,-33.0393,-71.6273,77.23,45,0,16.11
516,Sorland,NO,2022-01-24 21:58:32,67.667,12.6934,28.47,64,100,27.74
517,Homer,US,2022-01-24 21:58:32,59.6425,-151.5483,42.04,91,99,9.15
518,Aktau,KZ,2022-01-24 21:58:33,43.65,51.2,34.38,69,1,21.39
519,Nelspruit,ZA,2022-01-24 21:58:33,-25.4745,30.9703,69.84,94,39,5.75
520,Marsh Harbour,BS,2022-01-24 21:58:33,26.5412,-77.0636,67.96,74,73,14.25
521,Camacha,PT,2022-01-24 21:58:34,33.0833,-16.3333,59.76,63,75,14.97
522,Tondano,ID,2022-01-24 21:58:34,1.3038,124.9112,68.09,92,66,2.04
523,Hereford,GB,2022-01-24 21:58:34,52.0568,-2.7148,40.01,87,85,1.28
524,Dwarka,IN,2022-01-24 21:58:35,22.2394,68.9678,64.35,50,0,8.12
525,Fuerte Olimpo,PY,2022-01-24 21:58:35,-21.0415,-57.8738,89.73,49,100,4.65
526,Shubarkuduk,KZ,2022-01-24 21:58:35,49.1447,56.4872,1.71,97,36,7.29
527,Benguela,AO,2022-01-24 21:58:36,-12.5763,13.4055,77.2,80,20,5.99
528,Iwaki,JP,2022-01-24 21:58:36,37.05,140.8833,30.81,67,36,4.34
529,Los Llanos De Aridane,ES,2022-01-24 21:56:40,28.6585,-17.9182,60.55,76,20,3.0
530,Imeni Poliny Osipenko,RU,2022-01-24 21:58:36,52.4201,136.4853,-25.26,100,98,2.46
531,Souillac,MU,2022-01-24 21:58:37,-20.5167,57.5167,77.38,69,40,16.11
532,Atocha,BO,2022-01-24 21:58:37,-20.9333,-66.2333,45.66,92,100,9.31
533,Coquimbo,CL,2022-01-24 21:58:38,-29.9533,-71.3436,69.53,64,0,12.66
534,Tokur,RU,2022-01-24 21:58:38,53.1333,132.9,-24.95,100,70,2.82
535,Pringsewu,ID,2022-01-24 21:58:38,-5.3582,104.9744,73.33,95,100,1.79
536,Kaabong,UG,2022-01-24 21:58:38,3.4836,34.1492,69.17,41,56,5.91
537,Valence,ES,2022-01-24 21:58:39,39.4697,-0.3774,51.85,85,75,4.0
538,Mayumba,GA,2022-01-24 21:58:39,-3.432,10.6554,76.28,89,39,1.63
539,Vicosa,BR,2022-01-24 21:55:51,-20.7539,-42.8819,69.64,89,58,3.83
540,Port Augusta,AU,2022-01-24 21:58:40,-32.5,137.7667,76.71,66,47,3.51
541,Porto Novo,BJ,2022-01-24 21:58:40,6.4965,2.6036,82.22,71,10,5.17
542,Sokoni,TZ,2022-01-24 21:58:40,-6.4333,39.55,82.26,77,99,19.46
543,Ihlow,DE,2022-01-24 21:58:41,51.8833,13.3333,41.31,93,75,3.44
544,Sandpoint,US,2022-01-24 21:57:49,48.2766,-116.5533,35.71,90,75,1.01
545,Pak Phanang,TH,2022-01-24 21:58:41,8.3511,100.202,76.59,82,62,2.01
546,San Vicente,AR,2022-01-24 21:58:41,-26.6167,-54.1333,83.97,51,82,1.14
547,Were Ilu,ET,2022-01-24 21:58:42,10.6,39.4333,49.41,83,49,8.05
548,Datong,CN,2022-01-24 21:58:42,40.0936,113.2914,19.11,87,55,3.65
549,Novikovo,RU,2022-01-24 21:59:42,51.1537,37.8879,2.16,100,90,3.91
550,Havelock,US,2022-01-24 21:59:43,34.8791,-76.9013,51.03,59,3,3.0
551,Tanggu,CN,2022-01-24 21:59:43,39.0211,117.6469,26.56,66,100,4.45
552,Buchanan,LR,2022-01-24 21:59:43,5.8808,-10.0467,78.76,84,12,5.86
553,Kungurtug,RU,2022-01-24 21:59:44,50.5994,97.5228,-11.06,99,100,0.81
554,Qaqortoq,GL,2022-01-24 21:59:44,60.7167,-46.0333,25.36,88,100,3.87
555,Sembe,CG,2022-01-24 21:59:44,1.6481,14.5806,76.28,39,94,0.72
556,Viransehir,TR,2022-01-24 21:59:45,37.2353,39.7631,35.17,100,100,2.44
557,Santa Maria,BR,2022-01-24 21:59:45,-29.6842,-53.8069,94.3,55,20,3.44
558,Olinda,BR,2022-01-24 21:59:45,-8.0089,-34.8553,83.93,65,40,5.75
559,Pisco,PE,2022-01-24 21:59:46,-13.7,-76.2167,77.05,65,0,23.02
560,Cobija,BO,2022-01-24 21:59:46,-11.0267,-68.7692,77.47,92,90,3.13
561,Port Hedland,AU,2022-01-24 21:59:46,-20.3167,118.5667,84.25,84,20,5.75
562,Shetpe,KZ,2022-01-24 21:59:47,44.1667,52.1167,30.4,69,27,16.4
563,Yanam,IN,2022-01-24 21:59:47,16.7333,82.2167,67.62,96,11,3.09
564,Tank,PK,2022-01-24 21:59:47,32.2217,70.3793,51.4,51,0,3.65
565,Manadhoo,MV,2022-01-24 21:59:48,5.7667,73.3833,80.13,61,49,8.86
566,Kendari,ID,2022-01-24 21:59:48,-3.945,122.4989,75.7,90,100,2.8
567,Ouegoa,NC,2022-01-24 21:59:48,-20.35,164.4333,82.42,65,7,3.67
568,Gao,ML,2022-01-24 21:59:49,16.6362,1.637,63.41,16,12,12.71
569,Atambua,ID,2022-01-24 21:59:49,-9.1061,124.8925,74.61,88,65,1.95
570,Shakawe,BW,2022-01-24 21:59:49,-18.3667,21.85,68.47,53,38,4.38
571,Saurimo,AO,2022-01-24 21:59:50,-9.6608,20.3916,65.07,94,99,1.88
572,Inta,RU,2022-01-24 21:59:50,66.0317,60.1659,9.91,86,76,11.48
573,Ende,ID,2022-01-24 21:59:50,-8.8432,121.6623,78.76,88,100,5.03
574,Mareeba,AU,2022-01-24 21:59:50,-17.0,145.4333,75.43,90,64,2.44
575,Port Blair,IN,2022-01-24 21:59:51,11.6667,92.75,71.64,94,40,2.3
576,Iglesias,IT,2022-01-24 21:59:51,39.3114,8.535,41.79,81,0,2.59
